,Model,ClockSpeed,BoostClockSpeed,Cores,Threads,Socket,TDP,ReleaseDate
0,AMD Athlon Gold 7220C,2.4GHz,Up to 3.7GHz,2.0,4.0,FT6,15W,
1,AMD Athlon Silver 7120C,2.4GHz,Up to 3.5GHz,2.0,2.0,FT6,15W,
2,AMD Ryzen 5 7520C,2.8GHz,Up to 4.3GHz,4.0,8.0,FT6,15W,
3,AMD Ryzen 3 7320C,2.4GHz,Up to 4.1GHz,4.0,8.0,FT6,15W,
4,AMD Ryzen Z1,3.2GHz,Up to 4.9GHz,6.0,12.0,,,
5,AMD Ryzen Z1 Extreme,3.3GHz,Up to 5.1GHz,8.0,16.0,,,
6,AMD Ryzen 9 7945HX,2.5GHz,Up to 5.4GHz,16.0,32.0,FL1,55W,
7,AMD Ryzen 9 7845HX,3.0GHz,Up to 5.2GHz,12.0,24.0,FL1,55W,
8,AMD Ryzen 7 7745HX,3.6GHz,Up to 5.1GHz,8.0,16.0,FL1,55W,
9,AMD Ryzen 5 7645HX,4.0GHz,Up to 5.0GHz,6.0,12.0,FL1,55W,
10,AMD Ryzen 9 7940HS,4.0GHz,Up to 5.2GHz,8.0,16.0,"FP7, FP7r2, FP8",35-54W,
11,AMD Ryzen 7 7840HS,3.8GHz,Up to 5.1GHz,8.0,16.0,"FP7, FP7r2, FP8",35-54W,
12,AMD Ryzen 5 7640HS,4.3GHz,Up to 5.0GHz,6.0,12.0,"FP7, FP7r2, FP8",35-54W,
13,AMD Ryzen 7 7735HS,3.2GHz,Up to 4.75GHz,8.0,16.0,FP7,35-54W,
14,AMD Ryzen 5 7535HS,3.3GHz,Up to 4.55GHz,6.0,12.0,FP7,35-54W,
15,AMD Ryzen 9 PRO 7940HS,4.0GHz,Up to 5.2GHz,8.0,16.0,"FP7, FP7r2",45W,
16,AMD Ryzen 7 PRO 7840HS,3.8GHz,Up to 5.1GHz,8.0,16.0,"FP7, FP7r2",45W,
17,AMD Ryzen 7 PRO 7840U,3.3GHz,Up to 5.1GHz,8.0,16.0,"FP7, FP7r2",28W,
18,AMD Ryzen 5 PRO 7540U,3.2GHz,Up to 4.9GHz,6.0,12.0,"FP7, FP7r2",28W,
19,AMD Ryzen 7 7840U,3.3GHz,Up to 5.1GHz,8.0,16.0,"FP7, FP7r2, FP8",28W,
20,AMD Ryzen 5 PRO 7640HS,4.3GHz,Up to 5.0GHz,6.0,12.0,"FP7, FP7r2",45W,
21,AMD Ryzen 5 PRO 7640U,3.5GHz,Up to 4.9GHz,6.0,12.0,"FP7, FP7r2",28W,
22,AMD Ryzen 5 7640U,3.5GHz,Up to 4.9GHz,6.0,12.0,"FP7, FP7r2, FP8",28W,
23,AMD Ryzen 7 PRO 7730U,2.0GHz,Up to 4.5GHz,8.0,16.0,FP6,15W,
24,AMD Ryzen 5 7540U,3.2GHz,Up to 4.9GHz,6.0,12.0,"FP7, FP7r2",28W,
25,AMD Ryzen 5 PRO 7530U,2.0GHz,Up to 4.5GHz,6.0,12.0,FP6,15W,
26,AMD Ryzen 3 7440U,3.0GHz,Up to 4.7GHz,4.0,8.0,"FP7, FP7r2",28W,
27,AMD Ryzen 3 PRO 7330U,2.3GHz,Up to 4.3GHz,4.0,8.0,FP6,15W,
28,AMD Ryzen 7 7736U​,2.7GHz,Up to 4.7GHz,8.0,16.0,FP7,,
29,AMD Ryzen 7 7735U,2.7GHz,Up to 4.75GHz,8.0,16.0,FP7,28W,
30,AMD Ryzen 7 7730U,2.0GHz,Up to 4.5GHz,8.0,16.0,FP6,15W,
31,AMD Ryzen 5 7535U,2.9GHz,Up to 4.55GHz,6.0,12.0,FP7,28W,
32,AMD Ryzen 3 7335U,3.0GHz,Up to 4.3GHz,4.0,8.0,FP7,28W,
33,AMD Ryzen 5 7530U,2.0GHz,Up to 4.5GHz,6.0,12.0,FP6,15W,
34,AMD Ryzen 3 7330U,2.3GHz,Up to 4.3GHz,4.0,8.0,FP6,15W,
35,AMD Ryzen 5 7520U,2.8GHz,Up to 4.3GHz,4.0,8.0,,15W,
36,AMD Ryzen 3 7320U,2.4GHz,Up to 4.1GHz,4.0,8.0,,15W,
37,AMD Ryzen 9 PRO 7945,3.7GHz,Up to 5.4GHz,12.0,24.0,AM5,65W,
38,AMD Ryzen 7 PRO 7745,3.8GHz,Up to 5.3GHz,8.0,16.0,AM5,65W,
39,AMD Ryzen 5 PRO 7645,3.8GHz,Up to 5.1GHz,6.0,12.0,AM5,65W,
40,AMD Ryzen Threadripper PRO 5995WX,2.7GHz,Up to 4.5GHz,64.0,128.0,sWRX8,280W,
41,AMD Ryzen Threadripper PRO 5975WX,3.6GHz,Up to 4.5GHz,32.0,64.0,sWRX8,280W,
42,AMD Ryzen Threadripper PRO 5965WX,3.8GHz,Up to 4.5GHz,24.0,48.0,sWRX8,280W,
43,AMD Ryzen Threadripper PRO 5955WX,4.0GHz,Up to 4.5GHz,16.0,32.0,sWRX8,280W,
44,AMD Ryzen Threadripper PRO 5945WX,4.1GHz,Up to 4.5GHz,12.0,24.0,sWRX8,280W,
45,AMD Ryzen 9 7950X3D,4.2GHz,Up to 5.7GHz,16.0,32.0,AM5,120W,
46,AMD Ryzen 9 7950X,4.5GHz,Up to 5.7GHz,16.0,32.0,AM5,170W,
47,AMD Ryzen 9 7900X3D,4.4GHz,Up to 5.6GHz,12.0,24.0,AM5,120W,
48,AMD Ryzen 9 7900X,4.7GHz,Up to 5.6GHz,12.0,24.0,AM5,170W,
49,AMD Ryzen 9 7900,3.7GHz,Up to 5.4GHz,12.0,24.0,AM5,65W,
50,AMD Ryzen 7 7800X3D,4.2GHz,Up to 5.0GHz,8.0,16.0,AM5,120W,
51,AMD Ryzen 9 5950X,3.4GHz,Up to 4.9GHz,16.0,32.0,AM4,105W,11/5/2020
52,AMD Ryzen 7 7700X,4.5GHz,Up to 5.4GHz,8.0,16.0,AM5,105W,
53,AMD Ryzen 9 5900X,3.7GHz,Up to 4.8GHz,12.0,24.0,AM4,105W,11/5/2020
54,AMD Ryzen 7 7700,3.8GHz,Up to 5.3GHz,8.0,16.0,AM5,65W,
55,AMD Ryzen 9 5900 (OEM Only),3.0GHz,Up to 4.7GHz,12.0,24.0,AM4,65W,1/12/2021
56,AMD Ryzen 7 5800X3D,3.4GHz,Up to 4.5GHz,8.0,16.0,AM4,105W,
57,AMD Ryzen 7 5800X,3.8GHz,Up to 4.7GHz,8.0,16.0,AM4,105W,11/5/2020
58,AMD Ryzen 5 7600X,4.7GHz,Up to 5.3GHz,6.0,12.0,AM5,105W,
59,AMD Ryzen 7 5800 (OEM Only),3.4GHz,Up to 4.6GHz,8.0,16.0,AM4,65W,1/12/2021
60,AMD Ryzen 7 5700X,3.4GHz,Up to 4.6GHz,8.0,16.0,AM4,65W,
61,AMD Ryzen 7 5700G,3.8GHz,Up to 4.6GHz,8.0,16.0,AM4,65W,4/13/2021
62,AMD Ryzen 5 7600,3.8GHz,Up to 5.1GHz,6.0,12.0,AM5,65W,
63,AMD Ryzen 5 5600X3D,3.3GHz,Up to 4.4GHz,6.0,12.0,AM4,105W,
64,AMD Ryzen 5 5600X,3.7GHz,Up to 4.6GHz,6.0,12.0,AM4,65W,11/5/2020
65,AMD Ryzen 9 6980HX,3.3GHz,Up to 5.0GHz,8.0,16.0,FP7,45W,
66,AMD Ryzen 5 5600G,3.9GHz,Up to 4.4GHz,6.0,12.0,AM4,65W,4/13/2021
67,AMD Ryzen 9 3900XT,3.8GHz,Up to 4.7GHz,12.0,24.0,,105W,7/2020
68,AMD Ryzen 9 6980HS,3.3GHz,Up to 5.0GHz,8.0,16.0,FP7,35W,
69,AMD Ryzen 9 6900HX,3.3GHz,Up to 4.9GHz,8.0,16.0,FP7,45W,
70,AMD Ryzen 5 5600,3.5GHz,Up to 4.4GHz,6.0,12.0,AM4,65W,
71,AMD Ryzen 5 5500,3.6GHz,Up to 4.2GHz,6.0,12.0,AM4,65W,
72,AMD Ryzen 7 3800XT,3.9GHz,Up to 4.7GHz,8.0,16.0,AM4,105W,7/2020
73,AMD Ryzen 9 6900HS​,3.3GHz,Up to 4.9GHz,8.0,16.0,,35W,
74,AMD Ryzen 5 4500,3.6GHz,Up to 4.1GHz,6.0,12.0,AM4,65W,
75,AMD Ryzen 7 6800H,3.2GHz,Up to 4.7GHz,8.0,16.0,FP7,45W,
76,AMD Ryzen 7 6800HS,3.2GHz,Up to 4.7GHz,8.0,16.0,FP7,35W,
77,AMD Ryzen 5 3600XT,3.8GHz,Up to 4.5GHz,6.0,12.0,AM4,95W,7/2020
78,AMD Ryzen Threadripper PRO 3995WX,2.7GHz,Up to 4.2GHz,64.0,128.0,sWRX8,280W,7/14/2020
79,AMD Ryzen 7 6800U​,2.7GHz,Up to 4.7GHz,8.0,16.0,FP7,,
80,AMD Ryzen Threadripper PRO 3975WX,3.5GHz,Up to 4.2GHz,32.0,64.0,sWRX8,280W,7/14/2020
81,AMD Ryzen Threadripper PRO 3955WX,3.9GHz,Up to 4.3GHz,16.0,32.0,sWRX8,280W,7/14/2020
82,AMD Ryzen 5 6600H,3.3GHz,Up to 4.5GHz,6.0,12.0,FP7,45W,
83,AMD Ryzen Threadripper PRO 3945WX,4.0GHz,Up to 4.3GHz,12.0,24.0,,280W,7/14/2020
84,AMD Ryzen 5 6600HS​,3.3GHz,Up to 4.5GHz,6.0,12.0,FP7,35W,
85,AMD Ryzen Threadripper 3990X,2.9GHz,Up to 4.3GHz,64.0,128.0,sTRX4,280W,
86,AMD Ryzen 9 5980HX,3.3GHz,Up to 4.8GHz,8.0,16.0,FP6,45+W,1/12/2021
87,AMD Ryzen 9 5980HS,3.0GHz,Up to 4.8GHz,8.0,16.0,FP6,35W,1/12/2021
88,AMD Ryzen 5 6600U,2.9GHz,Up to 4.5GHz,6.0,12.0,FP7,,
89,AMD Ryzen 7 5825U,2.0GHz,Up to 4.5GHz,8.0,16.0,FP6,15W,
90,AMD Ryzen 9 5900HX,3.3GHz,Up to 4.6GHz,8.0,16.0,FP6,45+W,1/12/2021
91,AMD Ryzen Threadripper 3970X,3.7GHz,Up to 4.5GHz,32.0,64.0,sTRX4,280W,11/25/2019
92,AMD Ryzen 9 5900HS,3.0GHz,Up to 4.6GHz,8.0,16.0,FP6,35W,1/12/2021
93,AMD Ryzen 7 5825C,2.0GHz,Up to 4.5GHz,8.0,16.0,FP6,15W,
94,AMD Ryzen 5 5625U,2.3GHz,Up to 4.3GHz,6.0,12.0,FP6,15W,
95,AMD Ryzen Threadripper 3960X,3.8GHz,Up to 4.5GHz,24.0,48.0,sTRX4,280W,11/25/2019
96,AMD Ryzen 7 5800H,3.2GHz,Up to 4.4GHz,8.0,16.0,FP6,45W,1/12/2021
97,AMD Ryzen 5 5625C,2.3GHz,Up to 4.3GHz,6.0,12.0,FP6,15W,
98,AMD Ryzen 7 5800HS,2.8GHz,Up to 4.4GHz,8.0,16.0,FP6,35W,1/12/2021
99,AMD Ryzen 5 5600H,3.3GHz,Up to 4.2GHz,6.0,12.0,FP6,45W,1/12/2021
100,AMD Ryzen 9 3950X,3.5GHz,Up to 4.7GHz,16.0,32.0,AM4,105W,
101,AMD Ryzen 5 5600HS,3.0GHz,Up to 4.2GHz,6.0,12.0,FP6,35W,1/12/2021
102,AMD Ryzen 7 5800U,1.9GHz,Up to 4.4GHz,8.0,16.0,FP6,15W,1/12/2021
103,AMD Ryzen 9 3900X,3.8GHz,Up to 4.6GHz,12.0,24.0,AM4,105W,7/7/2019
104,AMD Ryzen 7 5700U,1.8GHz,Up to 4.3GHz,8.0,16.0,FP6,15W,1/12/2021
105,AMD Ryzen 5 5560U,2.3GHz,Up to 4.0GHz,6.0,12.0,FP6,15W,
106,AMD Ryzen 9 3900 Processor (OEM Only),3.1GHz,Up to 4.3GHz,12.0,24.0,AM4,65W,9/24/2019
107,AMD Ryzen 5 5600U,2.3GHz,Up to 4.2GHz,6.0,12.0,FP6,15W,1/12/2021
108,AMD Ryzen 3 5425U,2.7GHz,Up to 4.1GHz,4.0,8.0,FP6,15W,
109,AMD Ryzen 3 5425C,2.7GHz,Up to 4.1GHz,4.0,8.0,FP6,15W,
110,AMD Ryzen 5 5500U,2.1GHz,Up to 4.0GHz,6.0,12.0,FP6,15W,1/12/2021
111,AMD Ryzen 7 3800X,3.9GHz,Up to 4.5GHz,8.0,16.0,AM4,105W,7/7/2019
112,AMD Ryzen 3 5400U,2.6GHz,Up to 4.0GHz,4.0,8.0,FP6,15W,1/12/2021
113,AMD Ryzen 3 5300U,2.6GHz,Up to 3.8GHz,4.0,8.0,FP6,15W,1/12/2021
114,AMD Ryzen 7 3700X,3.6GHz,Up to 4.4GHz,8.0,16.0,AM4,65W,7/7/2019
115,AMD Ryzen 3 4100,3.8GHz,Up to 4.0GHz,4.0,8.0,AM4,65W,
116,AMD Ryzen 3 5125C,3.0GHz,Up to 3.0GHz,2.0,4.0,FP6,15W,
117,AMD Ryzen 7 5700GE,3.2GHz,Up to 4.6GHz,8.0,16.0,AM4,35W,4/13/2021
118,AMD Ryzen 5 3600X,3.8GHz,Up to 4.4GHz,6.0,12.0,AM4,95W,7/7/2019
119,AMD Ryzen 5 5600GE,3.4GHz,Up to 4.4GHz,6.0,12.0,AM4,35W,4/13/2021
120,AMD Ryzen 5 3600,3.6GHz,Up to 4.2GHz,6.0,12.0,AM4,65W,7/7/2019
121,AMD Ryzen 3 5300G (OEM Only),4.0GHz,Up to 4.2GHz,4.0,8.0,AM4,65W,4/13/2021
122,AMD Ryzen 3 5300GE (OEM Only),3.6GHz,Up to 4.2GHz,4.0,8.0,AM4,35W,4/13/2021
123,AMD Ryzen 7 4700G (OEM Only),3.6GHz,Up to 4.4GHz,8.0,16.0,AM4,65W,7/21/2020
124,AMD Ryzen 3 3300X,3.8GHz,Up to 4.3GHz,4.0,8.0,AM4,65W,
125,AMD Ryzen 3 3100,3.6GHz,Up to 3.9GHz,4.0,8.0,AM4,65W,05/2020
126,AMD Ryzen 5 4600G,3.7GHz,Up to 4.2GHz,6.0,12.0,AM4,65W,7/21/2020
127,AMD Ryzen 5 3500 Processor (OEM Only),3.6GHz,Up to 4.1GHz,6.0,6.0,AM4,65W,
128,AMD Ryzen 3 4300G (OEM Only),3.8GHz,Up to 4.0GHz,4.0,8.0,AM4,65W,7/21/2020
129,AMD Ryzen 7 4700GE (OEM Only),3.1GHz,Up to 4.3GHz,8.0,16.0,AM4,35W,7/21/2020
130,AMD Ryzen 5 4600GE (OEM Only),3.3GHz,Up to 4.2GHz,6.0,12.0,AM4,35W,7/21/2020
131,AMD Ryzen 3 4300GE (OEM Only),3.5GHz,Up to 4.0GHz,4.0,8.0,AM4,35W,7/21/2020
132,AMD Ryzen 9 4900H,3.3GHz,Up to 4.4GHz,8.0,16.0,FP6,35-54W,3/16/20
133,AMD Ryzen 9 4900HS,3.0GHz,Up to 4.3GHz,8.0,16.0,FP6,35W,
134,AMD Ryzen 7 4800HS,2.9GHz,Up to 4.2GHz,8.0,16.0,FP6,45W,
135,AMD Ryzen 7 4800H,2.9GHz,Up to 4.2GHz,8.0,16.0,FP6,45W,1/6/2020
136,AMD Ryzen 5 4600H,3.0GHz,Up to 4.0GHz,6.0,12.0,FP6,45W,1/6/2020
137,AMD Ryzen 7 4800U,1.8GHz,Up to 4.2GHz,8.0,16.0,FP6,15W,1/6/2020
138,AMD Ryzen 7 4700U,2.0GHz,Up to 4.1GHz,8.0,8.0,FP6,15W,1/6/2020
139,AMD Ryzen 5 4600U,2.1GHz,Up to 4.0GHz,6.0,12.0,FP6,15W,1/6/2020
140,AMD Ryzen 5 4500U,2.3GHz,Up to 4.0GHz,6.0,6.0,FP6,15W,1/6/2020
141,AMD Ryzen 3 4300U,2.7GHz,Up to 3.7GHz,4.0,4.0,FP6,15W,1/6/2020
142,AMD Ryzen 3 3250U,2.6GHz,Up to 3.5GHz,2.0,4.0,FP5,15W,1/6/2020
143,AMD Ryzen 5 3400G with Radeon RX Vega 11 Graphics,3.7GHz,Up to 4.2GHz,4.0,8.0,AM4,65W,
144,AMD Ryzen 7 4980U Microsoft Surface Edition,2.0GHz,Up to 4.4GHz,8.0,16.0,FP6,15W,4/13/2021
145,AMD Ryzen 5 3400GE (OEM Only),3.3GHz,Up to 4.0GHz,4.0,8.0,AM4,35W,7/7/19
146,AMD Ryzen 5 4680U Microsoft Surface Edition,2.2GHz,Up to 4.0GHz,6.0,12.0,FP6,15W,4/13/2021
147,AMD Ryzen 7 3780U Microsoft Surface Edition,2.3GHz,Up to 4.0GHz,4.0,8.0,FP5,15W,
148,AMD Ryzen 3 3200G with Radeon Vega 8 Graphics,3.6GHz,Up to 4.0GHz,4.0,4.0,AM4,65W,7/7/2019
149,AMD Ryzen 3 3200GE (OEM Only),3.3GHz,Up to 3.8GHz,4.0,4.0,AM4,35W,7/7/19
150,AMD Athlon Gold 7220U,2.4GHz,Up to 3.7GHz,2.0,4.0,,15W,
151,AMD Athlon 320GE,3.5GHz,,2.0,4.0,AM4,35W,7/7/2019
152,AMD Athlon 300GE,3.4GHz,,2.0,4.0,AM4,35W,7/7/19
153,AMD Ryzen 7 3750H,2.3GHz,Up to 4.0GHz,4.0,8.0,FP5,35W,Q1 2019
154,AMD Ryzen 5 3550H,2.1GHz,Up to 3.7GHz,4.0,8.0,FP5,35W,Q1 2019
155,AMD Athlon Silver 7120U,2.4GHz,Up to 3.5GHz,2.0,2.0,,15W,
156,AMD Ryzen 7 3700U,2.3GHz,Up to 4.0GHz,4.0,8.0,FP5,15W,Q1 2019
157,AMD Ryzen 3 3350U,2.1GHz,Up to 3.5GHz,4.0,4.0,FP5,15W,Q1 2019
158,AMD Ryzen 5 3500U,2.1GHz,Up to 3.7GHz,4.0,8.0,FP5,15W,Q1 2019
159,AMD Ryzen 3 3300U,2.1GHz,Up to 3.5GHz,4.0,4.0,FP5,15W,Q1 2019
160,AMD Ryzen 5 3580U Microsoft Surface Edition,2.1GHz,Up to 3.7GHz,4.0,8.0,FP5,15W,
161,AMD Ryzen 7 3700C,2.3GHz,Up to 4.0GHz,4.0,8.0,FP5,15W,9/22/2020
162,AMD Ryzen 5 3450U,2.1GHz,Up to 3.5GHz,4.0,8.0,FP5,15W,Q2 2020
163,AMD Ryzen 3 3200U,2.6GHz,Up to 3.5GHz,2.0,4.0,FP5,15W,Q1 2019
164,AMD Ryzen 5 3500C,2.1GHz,Up to 3.7GHz,4.0,8.0,FP5,15W,9/22/2020
165,AMD Athlon Gold 3150U,2.4GHz,Up to 3.3GHz,2.0,4.0,FP5,15W,1/6/2020
166,AMD Ryzen 3 3250C,2.6GHz,Up to 3.5GHz,2.0,4.0,FP5,15W,9/22/2020
167,AMD Athlon 300U,2.4GHz,Up to 3.3GHz,2.0,4.0,FP5,15W,
168,AMD Athlon Silver 3050U,2.3GHz,Up to 3.2GHz,2.0,2.0,FP5,15W,1/6/2020
169,AMD Athlon Silver 3050e,1.4GHz,Up to 2.8GHz,2.0,4.0,,6W,1/6/2020
170,AMD Athlon Gold 3150C,2.4GHz,Up to 3.3GHz,2.0,4.0,FP5,15W,9/22/2020
171,AMD Athlon  Silver 3050C,2.3GHz,Up to 3.2GHz,2.0,2.0,FP5,15W,9/22/2020
172,AMD Athlon Gold 3150GE (OEM Only),3.3GHz,Up to 3.8GHz,4.0,4.0,AM4,35W,7/21/2020
173,AMD 3020e,1.2GHz,Up to 2.6GHz,2.0,2.0,,6W,1/6/2020
174,AMD Athlon Gold 3150G (OEM Only),3.5GHz,Up to 3.9GHz,4.0,4.0,AM4,65W,7/21/2020
175,AMD Athlon Silver 3050GE (OEM Only),3.4GHz,Up to 3.4GHz,2.0,4.0,AM4,35W,7/21/2020
176,AMD 3015e,1.2GHz,Up to 2.3GHz,2.0,4.0,FT5,6W,7/6/2020
177,AMD 3015Ce,1.2GHz,Up to 2.3GHz,2.0,4.0,FT5,6W,4/29/2021
178,AMD Ryzen Threadripper 2990WX,3.0GHz,Up to 4.2GHz,32.0,64.0,sTR4,250W,8/13/2018
179,AMD Ryzen Threadripper 2970WX,3.0GHz,Up to 4.2GHz,24.0,48.0,sTR4,250W,10/18
180,AMD Ryzen Threadripper 2950X,3.5GHz,Up to 4.4GHz,16.0,32.0,sTR4,180W,8/31/2018
181,AMD Ryzen Threadripper 2920X,3.5GHz,Up to 4.3GHz,12.0,24.0,sTR4,180W,10/18
182,AMD Ryzen 7 2700X,3.7GHz,Up to 4.3GHz,8.0,16.0,AM4,105W,04/19/2018
183,AMD Ryzen 7 2700,3.2GHz,Up to 4.1GHz,8.0,16.0,AM4,65W,04/19/2018
184,AMD Ryzen 7 2700E Processor,2.8GHz,Up to 4.0GHz,8.0,16.0,AM4,45W,September 2018
185,AMD Ryzen 5 2600X,3.6GHz,Up to 4.2GHz,6.0,12.0,AM4,95W,04/19/2018
186,AMD Ryzen 5 2600,3.4GHz,Up to 3.9GHz,6.0,12.0,AM4,65W,04/19/2018
187,AMD Ryzen 5 2600E,3.1GHz,Up to 4.0GHz,6.0,12.0,AM4,45W,September 2018
188,AMD Ryzen 5 2500X,3.6GHz,Up to 4.0GHz,4.0,8.0,AM4,65W,9/10/2018
189,AMD Ryzen 5 2400G with Radeon RX Vega 11 Graphics,3.6GHz,Up to 3.9GHz,4.0,8.0,AM4,65W,02/12/2018
190,AMD Ryzen 5 2400GE with Radeon RX Vega 11 Graphics,3.2GHz,Up to 3.8GHz,4.0,8.0,AM4,35W,04/19/2018
191,AMD Ryzen 3 2300X,3.5GHz,Up to 4.0GHz,4.0,4.0,AM4,65W,9/10/2018
192,AMD Ryzen 9 PRO 6950H,3.3GHz,Up to 4.9GHz,8.0,16.0,,45W,
193,AMD Ryzen 3 2200G with Radeon Vega 8 Graphics,3.5GHz,Up to 3.7GHz,4.0,4.0,AM4,65W,02/12/2018
194,AMD Ryzen 7 PRO 6860Z,2.7GHz,Up to 4.75GHz,8.0,16.0,,28W,
195,AMD Ryzen 3 2200GE with Radeon Vega 8 Graphics,3.2GHz,Up to 3.6GHz,4.0,4.0,AM4,35W,04/19/2018
196,AMD Ryzen 9 PRO 6950HS,3.3GHz,Up to 4.9GHz,8.0,16.0,,35W,
197,AMD Ryzen 7 2800H,3.3GHz,Up to 3.8GHz,4.0,8.0,FP5,45W,9/10/2018
198,AMD Ryzen 5 2600H,3.2GHz,Up to 3.6GHz,4.0,8.0,FP5,45W,9/10/2018
199,AMD Ryzen 7 2700U,2.2GHz,Up to 3.8GHz,4.0,8.0,FP5,15W,10/26/2017
200,AMD Ryzen 7 PRO 6850H,3.2GHz,Up to 4.7GHz,8.0,16.0,,45W,
201,AMD Ryzen 5 2500U,2.0GHz,Up to 3.6GHz,4.0,8.0,FP5,15W,10/26/2017
202,AMD Ryzen 7 PRO 6850HS,3.2GHz,Up to 4.7GHz,8.0,16.0,,35W,
203,AMD Ryzen 3 2300U,2.0GHz,Up to 3.4GHz,4.0,4.0,FP5,15W,1/8/2018
204,AMD Ryzen 7 PRO 6850U,2.7GHz,Up to 4.7GHz,8.0,16.0,,,
205,AMD Ryzen 3 2200U,2.5GHz,Up to 3.4GHz,2.0,4.0,FP5,15W,1/8/2018
206,AMD Ryzen 5 PRO 6650H,3.3GHz,Up to 4.5GHz,6.0,12.0,,45W,
207,AMD Ryzen Threadripper 1950X,3.4GHz,Up to 4.0GHz,16.0,32.0,sTR4,180W,7/31/2017
208,AMD Ryzen 9 PRO 5945,3.0GHz,Up to 4.7GHz,12.0,24.0,AM4,65W,
209,AMD Ryzen Threadripper 1920X,3.5GHz,Up to 4.0GHz,12.0,24.0,sTR4,180W,7/31/2017
210,AMD Ryzen 7 PRO 5845,3.4GHz,Up to 4.6GHz,8.0,16.0,AM4,65W,
211,AMD Ryzen Threadripper 1900X,3.8GHz,Up to 4.0GHz,8.0,16.0,sTR4,180W,8/31/2017
212,AMD Ryzen 7 1800X,3.6GHz,Up to 4.0GHz,8.0,16.0,AM4,95W,3/2/2017
213,AMD Ryzen 5 PRO 5645,3.7GHz,Up to 4.6GHz,6.0,12.0,AM4,65W,
214,AMD Ryzen 5 PRO 6650HS,3.3GHz,Up to 4.5GHz,6.0,12.0,,35W,
215,AMD Ryzen 7 PRO 5750G,3.8GHz,Up to 4.6GHz,8.0,16.0,AM4,65W,6/1/2021
216,AMD Ryzen 7 PRO 5750GE,3.2GHz,Up to 4.6GHz,8.0,16.0,AM4,35W,6/1/2021
217,AMD Ryzen 5 PRO 5650G,3.9GHz,Up to 4.4GHz,6.0,12.0,AM4,65W,6/1/2021
218,AMD Ryzen 5 PRO 5650GE,3.4GHz,Up to 4.4GHz,6.0,12.0,AM4,35W,6/1/2021
219,AMD Ryzen 5 PRO 6650U,2.9GHz,Up to 4.5GHz,6.0,12.0,,,
220,AMD Ryzen 7 1700X,3.4GHz,Up to 3.8GHz,8.0,16.0,AM4,95W,3/2/2017
221,AMD Ryzen 9 PRO 3900,3.1GHz,Up to 4.3GHz,12.0,24.0,AM4,65W,9/30/19
222,AMD Ryzen 7 PRO 5875U,2.0GHz,Up to 4.5GHz,8.0,16.0,FP6,15W,
223,AMD Ryzen 7 PRO 3700,3.6GHz,Up to 4.4GHz,8.0,16.0,AM4,65W,9/30/19
224,AMD Ryzen 5 PRO 4655G,3.7GHz,Up to 4.2GHz,6.0,12.0,AM4,65W,
225,AMD Ryzen 7 1700 Processor,3.0GHz,Up to 3.7GHz,8.0,16.0,AM4,65W,3/2/2017
226,AMD Ryzen 5 PRO 5675U,2.3GHz,Up to 4.3GHz,6.0,12.0,FP6,15W,
227,AMD Ryzen 7 PRO 5850U,1.9GHz,Up to 4.4GHz,8.0,16.0,FP6,15W,03/16/2021
228,AMD Ryzen 3 PRO 5475U,2.7GHz,Up to 4.1GHz,4.0,8.0,FP6,15W,
229,AMD Ryzen 5 PRO 5650U,2.3GHz,Up to 4.2GHz,6.0,12.0,FP6,15W,03/16/2021
230,AMD Ryzen 3 PRO 5450U,2.6GHz,Up to 4.0GHz,4.0,8.0,FP6,15W,03/16/2021
231,AMD Ryzen 3 PRO 5350G,4.0GHz,Up to 4.2GHz,4.0,8.0,AM4,65W,6/1/2021
232,AMD Ryzen 7 PRO 4750G,3.6GHz,Up to 4.4GHz,8.0,16.0,AM4,65W,7/21/2020
233,AMD Ryzen 7 PRO 4750GE,3.1GHz,Up to 4.3GHz,8.0,16.0,AM4,35W,7/21/2020
234,AMD Ryzen 5 PRO 3600,3.6GHz,Up to 4.2GHz,6.0,12.0,AM4,65W,9/30/19
235,AMD Ryzen 5 1600X,3.6GHz,Up to 4.0GHz,6.0,12.0,AM4,95W,4/11/2017
236,AMD Ryzen 3 PRO 5350GE,3.6GHz,Up to 4.2GHz,4.0,8.0,AM4,35W,6/1/2021
237,AMD Ryzen 5 PRO 4655GE,3.3GHz,Up to 4.2GHz,6.0,12.0,AM4,35W,
238,AMD Ryzen 3 PRO 4355G,3.8GHz,Up to 4.0GHz,4.0,8.0,AM4,65W,Q4 2022
239,AMD Ryzen 5 PRO 4650G,3.7GHz,Up to 4.2GHz,6.0,12.0,AM4,65W,7/21/2020
240,AMD Ryzen 5 PRO 4650GE,3.3GHz,Up to 4.2GHz,6.0,12.0,AM4,35W,7/21/2020
241,AMD Ryzen 3 PRO 4355GE,3.5GHz,Up to 4.0GHz,4.0,8.0,AM4,35W,Q4 2022
242,AMD Ryzen 3 PRO 4350G,3.8GHz,Up to 4.0GHz,4.0,8.0,AM4,65W,7/21/2020
243,AMD Ryzen 3 PRO 4350GE,3.5GHz,Up to 4.0GHz,4.0,8.0,AM4,35W,7/21/2020
244,AMD Ryzen 5 1600,3.2GHz,Up to 3.6GHz,6.0,12.0,AM4,65W,4/11/2017
245,AMD Ryzen 5 1600 (AF),3.2GHz,Up to 3.6GHz,6.0,12.0,AM4,65W,
246,AMD Ryzen 5 PRO 3400G,3.7GHz,Up to 4.2GHz,4.0,8.0,AM4,65W,9/30/19
247,AMD Ryzen 5 1500X,3.5GHz,Up to 3.7GHz,4.0,8.0,AM4,65W,4/11/2017
248,AMD Ryzen 5 PRO 3400GE,3.3GHz,Up to 4.0GHz,4.0,8.0,AM4,35W,9/30/19
249,AMD Ryzen 5 PRO 3350G,3.6GHz,Up to 4.0GHz,4.0,8.0,AM4,65W,7/21/2020
250,AMD Ryzen 5 PRO 3350GE,3.3GHz,Up to 3.9GHz,4.0,4.0,,35W,7/21/2020
251,AMD Ryzen 5 1400,3.2GHz,Up to 3.4GHz,4.0,8.0,AM4,65W,4/11/2017
252,AMD Ryzen 3 PRO 3200G,3.6GHz,Up to 4.0GHz,4.0,4.0,AM4,65W,9/30/19
253,AMD Ryzen 3 PRO 3200GE,3.3GHz,Up to 3.8GHz,4.0,4.0,AM4,35W,9/30/19
254,AMD Ryzen 3 1300X,3.5GHz,Up to 3.7GHz,4.0,4.0,AM4,65W,07/27/2017
255,AMD Athlon Gold PRO 3150G,3.5GHz,Up to 3.9GHz,4.0,4.0,AM4,65W,7/21/2020
256,AMD Athlon Gold PRO 3150GE,3.3GHz,Up to 3.8GHz,4.0,4.0,AM4,35W,7/21/2020
257,AMD Athlon Silver PRO 3125GE,3.4GHz,Up to 3.4GHz,2.0,4.0,AM4,35W,7/21/2020
258,AMD Athlon PRO 300GE,3.4GHz,,2.0,4.0,AM4,35W,9/30/19
259,AMD Ryzen 3 1200,3.1GHz,Up to 3.4GHz,4.0,4.0,AM4,65W,07/27/2017
260,AMD Ryzen 7 PRO 2700X,3.6GHz,Up to 4.1GHz,8.0,16.0,AM4,95W,
261,AMD Ryzen 7 PRO 2700,3.2GHz,Up to 4.1GHz,8.0,16.0,AM4,65W,
262,AMD Ryzen 7 PRO 4750U,1.7GHz,Up to 4.1GHz,8.0,16.0,FP6,15W,5/7/2020
263,AMD Ryzen 5 PRO 4650U,2.1GHz,Up to 4.0GHz,6.0,12.0,FP6,15W,5/7/2020
264,AMD Ryzen 3 PRO 4450U,2.5GHz,Up to 3.7GHz,4.0,8.0,FP6,15W,5/7/2020
265,AMD Ryzen 7 PRO 1700X Processor,3.4GHz,Up to 3.8GHz,8.0,16.0,AM4,95W,06/29/2017
266,AMD Ryzen 7 PRO 3700U,2.3GHz,Up to 4.0GHz,4.0,8.0,FP5,15W,4/8/2019
267,AMD Ryzen 5 PRO 3500U,2.1GHz,Up to 3.7GHz,4.0,8.0,FP5,15W,4/8/2019
268,AMD Ryzen 7 PRO 1700,3.0GHz,Up to 3.7GHz,8.0,16.0,AM4,65W,06/29/2017
269,AMD Ryzen 5 PRO 2600,3.4GHz,Up to 3.9GHz,6.0,12.0,AM4,65W,
270,AMD Athlon PRO 3145B,2.4GHz,Up to 3.3GHz,2.0,4.0,FP5,15W,Q12021
271,AMD Athlon PRO 3045B,2.3GHz,Up to 3.2GHz,2.0,2.0,FP5,15W,Q12021
272,AMD Ryzen 3 PRO 3300U,2.1GHz,Up to 3.5GHz,4.0,4.0,FP5,15W,4/8/2019
273,AMD Ryzen 5 PRO 1600,3.2GHz,Up to 3.6GHz,6.0,12.0,AM4,65W,06/29/2017
274,AMD Athlon PRO 300U Mobile Processor with Radeon Vega 3 Graphics,2.4GHz,Up to 3.3GHz,2.0,4.0,FP5,15W,
275,AMD Ryzen 7 PRO 2700U,2.2GHz,Up to 3.8GHz,4.0,8.0,FP5,15W,Q1 2019
276,AMD Ryzen 5 PRO 1500,3.5GHz,Up to 3.7GHz,4.0,8.0,AM4,65W,06/29/2017
277,AMD Ryzen 5 PRO 2400G with Radeon Vega 11 Graphics,3.6GHz,Up to 3.9GHz,4.0,8.0,AM4,65W,5/10/2018
278,AMD Ryzen 5 PRO 2400GE with Radeon Vega 11 Graphics,3.2GHz,Up to 3.8GHz,4.0,8.0,AM4,35W,5/10/2018
279,AMD Ryzen 3 PRO 1300,3.5GHz,Up to 3.7GHz,4.0,4.0,AM4,65W,06/29/2017
280,AMD Ryzen 5 PRO 2500U,2.0GHz,Up to 3.6GHz,4.0,8.0,FP5,15W,Q1 2019
281,AMD Ryzen 3 PRO 2200G with Radeon Vega 8 Graphics,3.5GHz,Up to 3.7GHz,4.0,4.0,AM4,65W,5/10/2018
282,AMD Ryzen 3 PRO 2200GE with Radeon Vega 8 Graphics,3.2GHz,Up to 3.6GHz,4.0,4.0,AM4,35W,5/10/2018
283,AMD Ryzen 3 PRO 1200,3.1GHz,Up to 3.4GHz,4.0,4.0,AM4,65W,06/29/2017
284,AMD Ryzen 3 PRO 2300U,2.0GHz,Up to 3.4GHz,4.0,4.0,FP5,15W,Q1 2019
285,7th Gen AMD PRO A4-5350B APU,3.0GHz,Up to 3.6GHz,2.0,0.0,,15W,Q1 2020
286,7th Gen AMD PRO A4-4350B APU,2.5GHz,Up to 2.9GHz,2.0,0.0,,15W,Q1 2018
287,7th Gen AMD PRO A6-8350B APU,3.1GHz,Up to 3.7GHz,2.0,0.0,,15W,Q1 2020
288,7th Gen AMD PRO A6-7350B APU,3.0GHz,Up to 3.6GHz,2.0,0.0,,15W,Q1 2018
289,7th Gen A12-9800 APU,3.8GHz,Up to 4.2GHz,4.0,0.0,AM4,65W,"Channel: 7/27/2017, OEM: 9/5/2016"
290,7th Gen A12-9800E APU,3.1GHz,Up to 3.8GHz,4.0,0.0,AM4,35W,9/5/2016
291,7th Gen A10-9700 APU,3.5GHz,Up to 3.8GHz,4.0,0.0,AM4,65W,"Channel: 7/27/2017, OEM: 9/5/2016"
292,7th Gen A10-9700E APU,3.0GHz,Up to 3.5GHz,4.0,0.0,AM4,35W,9/5/2016
293,7th Gen A8-9600 APU,3.1GHz,Up to 3.4GHz,4.0,0.0,AM4,65W,"Channel: 7/27/2017, OEM: 9/5/2016"
294,7th Gen A6-9550 APU,3.8GHz,Up to 4.0GHz,2.0,0.0,AM4,65W,7/27/2017
295,7th Gen A6-9500 APU,3.5GHz,Up to 3.8GHz,2.0,0.0,AM4,65W,"Channel: 7/27/2017, OEM: 9/5/2016"
296,7th Gen A6-9500E APU,3.0GHz,Up to 3.4GHz,2.0,0.0,AM4,35W,"Channel: 7/27/2017, OEM: 9/5/2016"
297,7th Gen A12-9730P APU,2.8GHz,Up to 3.5GHz,4.0,0.0,FP4,35W,Q216
298,7th Gen A12-9700P APU,2.5GHz,Up to 3.4GHz,4.0,0.0,FP4,15W,Q216
299,AMD EPYC 9754,2.25GHz,Up to 3.1GHz,128.0,256.0,SP5,360W,
300,7th Gen A10-9630P APU,2.6GHz,Up to 3.3GHz,4.0,0.0,FP4,35W,Q216
301,AMD EPYC 9754S,2.25GHz,Up to 3.1GHz,128.0,128.0,SP5,360W,
302,7th Gen A10-9600P APU,2.4GHz,Up to 3.3GHz,4.0,0.0,FP4,15W,Q216
303,AMD EPYC 9734,2.2GHz,Up to 3.0GHz,112.0,224.0,SP5,340W,
304,7th Gen A9-9425 APU,3.1GHz,Up to 3.7GHz,2.0,0.0,,15W,2Q18
305,7th Gen A9-9420 APU,3.0GHz,Up to 3.6GHz,2.0,0.0,,15W,Q217
306,AMD EPYC 9684X,2.55GHz,Up to 3.7GHz,96.0,192.0,SP5,400W,
307,7th Gen A9-9410 APU,2.9GHz,Up to 3.5GHz,2.0,0.0,,10-25/25W,Q216
308,AMD EPYC 9384X,3.1GHz,Up to 3.9GHz,32.0,64.0,SP5,320W,
309,AMD EPYC 9184X,3.55GHz,Up to 4.2GHz,16.0,32.0,SP5,320W,
310,7th Gen A6-9225 APU,2.6GHz,Up to 3.1GHz,2.0,0.0,,15W,2Q18
311,AMD EPYC 9654P,2.4GHz,Up to 3.7GHz,96.0,192.0,SP5,360W,
312,7th Gen A6-9220 APU,2.5GHz,Up to 2.9GHz,2.0,0.0,,15W,Q217
313,7th Gen A6-9220C APU,1.8GHz,Up to 2.7GHz,2.0,2.0,FT4,6W,
314,AMD EPYC 9654,2.4GHz,Up to 3.7GHz,96.0,192.0,SP5,360W,
315,7th Gen A6-9210 APU,2.4GHz,Up to 2.8GHz,2.0,0.0,,15W,Q216
316,AMD EPYC 9634,2.25GHz,Up to 3.7GHz,84.0,168.0,SP5,290W,
317,7th Gen A4-9125 APU,2.3GHz,Up to 2.6GHz,2.0,0.0,,15W,2Q18
318,7th Gen A4-9120 APU,2.2GHz,Up to 2.5GHz,2.0,0.0,,15W,Q217
319,7th Gen A4-9120C APU,1.6GHz,Up to 2.4GHz,2.0,2.0,FT4,6W,
320,7th Gen AMD PRO A12-9800 APU,3.8GHz,Up to 4.2GHz,4.0,0.0,AM4,65W,10/03/2016
321,7th Gen AMD PRO A12-9800E APU,3.1GHz,Up to 3.8GHz,4.0,0.0,AM4,35W,10/03/2016
322,7th Gen AMD PRO A10-9700 APU,3.5GHz,Up to 3.8GHz,4.0,0.0,AM4,65W,10/03/2016
323,7th Gen AMD PRO A10-9700E APU,3.0GHz,Up to 3.5GHz,4.0,0.0,AM4,35W,10/03/2016
324,7th Gen AMD PRO A8-9600 APU,3.1GHz,Up to 3.4GHz,4.0,0.0,AM4,65W,10/03/2016
325,7th Gen AMD PRO A6-9500 APU,3.5GHz,Up to 3.8GHz,2.0,0.0,AM4,65W,10/03/2016
326,7th Gen AMD PRO A6-9500E APU,3.0GHz,Up to 3.4GHz,2.0,0.0,AM4,35W,10/03/2016
327,7th Gen AMD PRO A12-9830B APU,3.0GHz,Up to 3.7GHz,4.0,0.0,FP4,35W,10/24/2016
328,7th Gen AMD PRO A12-9800B APU,2.7GHz,Up to 3.6GHz,4.0,0.0,FP4,15W,10/24/2016
329,7th Gen AMD PRO A10-9730B APU,2.8GHz,Up to 3.5GHz,4.0,0.0,FP4,35W,10/24/2016
330,7th Gen AMD PRO A10-9700B APU,2.5GHz,Up to 3.4GHz,4.0,0.0,FP4,15W,10/24/2016
331,7th Gen AMD PRO A8-9630B,2.6GHz,Up to 3.3GHz,4.0,0.0,FP4,35W,10/24/2016
332,7th Gen AMD PRO A8-9600B APU,2.4GHz,Up to 3.3GHz,4.0,0.0,FP4,15W,10/24/2016
333,7th Gen AMD PRO A6-9500B APU,2.3GHz,Up to 3.2GHz,2.0,0.0,FP4,15W,10/24/2016
334,7th Gen FX 9830P APU,3.0GHz,Up to 3.7GHz,4.0,0.0,FP4,35W,Q216
335,7th Gen FX 9800P APU,2.7GHz,Up to 3.6GHz,4.0,0.0,FP4,15W,Q216
336,7th Gen E2-9010 APU,200MHz,Up to 2.2GHz,2.0,0.0,,15W,Q217
337,AMD EPYC 9554P,3.1GHz,Up to 3.75GHz,64.0,128.0,SP5,360W,
338,AMD EPYC 9554,3.1GHz,Up to 3.75GHz,64.0,128.0,SP5,360W,
339,6th Gen A10-8700P APU,1.8GHz,Up to 3.2GHz,4.0,4.0,FP4,15W,
340,AMD EPYC 9534,2.45GHz,Up to 3.7GHz,64.0,128.0,SP5,280W,
341,AMD EPYC 9474F,3.6GHz,Up to 4.1GHz,48.0,96.0,SP5,360W,
342,6th Gen A8-8600P APU,1.6GHz,Up to 3.0GHz,4.0,4.0,FP4,15W,
343,6th Gen AMD PRO A12-8870 APU,3.7GHz,Up to 4.2GHz,4.0,0.0,AM4,65W,3Q 2016
344,AMD EPYC 9454P,2.75GHz,Up to 3.8GHz,48.0,96.0,SP5,290W,
345,6th Gen AMD PRO A12-8870E APU,2.9GHz,Up to 3.8GHz,4.0,0.0,AM4,35W,
346,AMD EPYC 9454,2.75GHz,Up to 3.8GHz,48.0,96.0,SP5,290W,
347,6th Gen AMD PRO A10-8850B APU,3.9GHz,Up to 4.1GHz,4.0,4.0,FM2+,95W,
348,AMD EPYC 9374F,3.85GHz,Up to 4.3GHz,32.0,64.0,SP5,320W,
349,6th Gen AMD PRO A10-8770 APU,3.5GHz,Up to 3.8GHz,4.0,0.0,AM4,65W,3Q 2016
350,AMD EPYC 9354P,3.25GHz,Up to 3.8GHz,32.0,64.0,SP5,280W,
351,6th Gen AMD PRO A10-8770E APU,2.8GHz,Up to 3.5GHz,4.0,0.0,AM4,35W,3Q 2016
352,AMD EPYC 9354,3.25GHz,Up to 3.8GHz,32.0,64.0,SP5,280W,
353,6th Gen AMD PRO A10-8750B APU,3.6GHz,Up to 4.0GHz,4.0,4.0,FM2+,65W,
354,AMD EPYC 9334,2.7GHz,Up to 3.9GHz,32.0,64.0,SP5,210W,
355,6th Gen AMD PRO A8-8650B APU,3.2GHz,Up to 3.9GHz,4.0,4.0,FM2+,65W,
356,AMD EPYC 9274F,4.05GHz,Up to 4.3GHz,24.0,48.0,SP5,320W,
357,AMD EPYC 9254,2.9GHz,Up to 4.15GHz,24.0,48.0,SP5,200W,
358,6th Gen AMD PRO A6-8570 APU,3.5GHz,Up to 3.8GHz,2.0,0.0,AM4,65W,
359,AMD EPYC 9224,2.5GHz,Up to 3.7GHz,24.0,48.0,SP5,200W,
360,6th Gen AMD PRO A6-8570E APU,3.0GHz,Up to 3.4GHz,2.0,0.0,AM4,35W,
361,AMD EPYC 9174F,4.1GHz,Up to 4.4GHz,16.0,32.0,SP5,320W,
362,6th Gen AMD PRO A6-8550B APU,3.7GHz,Up to 4.0GHz,2.0,2.0,FM2+,65W,
363,AMD EPYC 9124,3.0GHz,Up to 3.7GHz,16.0,32.0,SP5,200W,
364,6th Gen AMD PRO A4-8350B APU,3.5GHz,Up to 3.9GHz,2.0,2.0,FM2+,65W,
365,6th Gen AMD PRO A12-8830B APU,2.5GHz,Up to 3.4GHz,4.0,0.0,FP4,,Q3 2016
366,6th Gen AMD PRO A12-8800B APU,2.1GHz,Up to 3.4GHz,4.0,4.0,FP4,15W,
367,6th Gen AMD PRO A10-8730B APU,2.4GHz,Up to 3.3GHz,4.0,0.0,FP4,,Q3 2016
368,6th Gen AMD PRO A10-8700B APU,1.8GHz,Up to 3.2GHz,4.0,4.0,FP4,15W,
369,6th Gen AMD PRO A8-8600B APU,1.6GHz,Up to 3.0GHz,4.0,4.0,FP4,15W,
370,6th Gen AMD PRO A6-8530B APU,2.3GHz,Up to 3.2GHz,2.0,0.0,FP4,,Q3 2016
371,6th Gen AMD PRO A6-8500B APU,1.6GHz,Up to 3.0GHz,2.0,4.0,FP4,15W,
372,6th Gen FX-8800P APU,2.1GHz,Up to 3.4GHz,4.0,4.0,FP4,15W,
373,A10-7890K with Radeon R7 Graphics and Wraith cooler,4.1GHz,Up to 4.3GHz,4.0,0.0,FM2+,95W,
374,A10-7870K with Radeon R7 Series,3.9GHz,Up to 4.1GHz,4.0,4.0,FM2+,95W,
375,A10-7870K with Radeon R7 Graphics and Near Silent Thermal Solution,3.9GHz,Up to 4.1GHz,4.0,0.0,FM2+,95W,
376,A10-7860K with Radeon R7 Series,3.6GHz,Up to 4.0GHz,4.0,4.0,FM2+,65W,
377,A10-7860K with Radeon R7 Graphics and Near Silent Thermal Solution,3.6GHz,Up to 4.0GHz,4.0,4.0,FM2+,65W,
378,A10-7850K with Radeon R7 Series,3.7GHz,Up to 4.0GHz,4.0,4.0,FM2+,95W,
379,A10-7800 with Radeon R7 Series,3.5GHz,Up to 3.9GHz,4.0,4.0,FM2+,,
380,A10-7700K with Radeon R7 Series,3.4GHz,Up to 3.8GHz,4.0,4.0,FM2+,,
381,A10-6800K with Radeon HD 8670D,4.1GHz,Up to 4.4GHz,4.0,4.0,FM2,100W,
382,A10-6790K with Radeon HD 8670D,4.0GHz,Up to 4.3GHz,4.0,4.0,FM2,100W,
383,A10-6700 with Radeon HD 8670D,3.7GHz,Up to 4.3GHz,4.0,4.0,FM2,65W,
384,AMD EPYC 7773X,2.2GHz,Up to 3.5GHz,64.0,128.0,SP3,280W,
385,A10-6700T with Radeon HD 8650D,2.5GHz,Up to 3.5GHz,4.0,4.0,FM2,45W,
386,AMD EPYC 7763,2.45GHz,Up to 3.5GHz,64.0,128.0,SP3,280W,3/15/2021
387,AMD EPYC 7713P,2.0GHz,Up to 3.675GHz,64.0,128.0,SP3,225W,3/15/2021
388,AMD EPYC 7713,2.0GHz,Up to 3.675GHz,64.0,128.0,SP3,225W,3/15/2021
389,AMD EPYC 7663,2.0GHz,Up to 3.5GHz,56.0,112.0,SP3,240W,3/15/2021
390,AMD EPYC 7643,2.3GHz,Up to 3.6GHz,48.0,96.0,SP3,225W,3/15/2021
391,AMD EPYC 7573X,2.8GHz,Up to 3.6GHz,32.0,64.0,SP3,280W,
392,AMD EPYC 75F3,2.95GHz,Up to 4.0GHz,32.0,64.0,SP3,280W,3/15/2021
393,AMD EPYC 7543P,2.8GHz,Up to 3.7GHz,32.0,64.0,SP3,225W,3/15/2021
394,AMD EPYC 7543,2.8GHz,Up to 3.7GHz,32.0,64.0,SP3,225W,3/15/2021
395,AMD EPYC 7513,2.6GHz,Up to 3.65GHz,32.0,64.0,SP3,200W,3/15/2021
396,AMD EPYC 7473X,2.8GHz,Up to 3.7GHz,24.0,48.0,SP3,240W,
397,AMD EPYC 7453,2.75GHz,Up to 3.45GHz,28.0,56.0,SP3,225W,3/15/2021
398,AMD EPYC 74F3,3.2GHz,Up to 4.0GHz,24.0,48.0,SP3,240W,3/15/2021
399,AMD EPYC 7443P,2.85GHz,Up to 4.0GHz,24.0,48.0,SP3,200W,3/15/2021
400,AMD EPYC 7443,2.85GHz,Up to 4.0GHz,24.0,48.0,SP3,200W,3/15/2021
401,AMD EPYC 7413,2.65GHz,Up to 3.6GHz,24.0,48.0,SP3,180W,3/15/2021
402,AMD EPYC 73F3,3.5GHz,Up to 4.0GHz,16.0,32.0,SP3,240W,3/15/2021
403,AMD EPYC 7373X,3.05GHz,Up to 3.8GHz,16.0,32.0,SP3,240W,
404,AMD EPYC 7343,3.2GHz,Up to 3.9GHz,16.0,32.0,SP3,190W,3/15/2021
405,AMD EPYC 7313P,3.0GHz,Up to 3.7GHz,16.0,32.0,SP3,155W,3/15/2021
406,AMD EPYC 7313,3.0GHz,Up to 3.7GHz,16.0,32.0,SP3,155W,3/15/2021
407,A8-7670K with Radeon R7 Graphics and Near Silent Thermal Solution,3.6GHz,Up to 3.9GHz,4.0,4.0,FM2+,95W,
408,AMD EPYC 72F3,3.7GHz,Up to 4.1GHz,8.0,16.0,SP3,180W,3/15/2021
409,AMD EPYC 7F72,3.2GHz,Up to 3.7GHz,24.0,48.0,SP3,240W,
410,AMD EPYC 7F52,3.5GHz,Up to 3.9GHz,16.0,32.0,SP3,240W,
411,A8-7650K with Radeon R7 Series,3.3GHz,Up to 3.8GHz,4.0,4.0,FM2+,95W,
412,AMD EPYC 7F32,3.7GHz,Up to 3.9GHz,8.0,16.0,SP3,180W,
413,AMD EPYC 7H12,2.6GHz,Up to 3.3GHz,64.0,128.0,SP3,280W,
414,A8-7650K with Radeon R7 Graphics and Near Silent Thermal Solution,3.3GHz,Up to 3.8GHz,4.0,4.0,FM2+,95W,
415,AMD EPYC 7742,2.25GHz,Up to 3.4GHz,64.0,128.0,SP3,225W,
416,AMD EPYC 7702,2.0GHz,Up to 3.35GHz,64.0,128.0,SP3,200W,
417,A8-7600 with Radeon R7 Series,3.1GHz,Up to 3.8GHz,4.0,4.0,FM2+,65W,
418,AMD EPYC 7702P,2.0GHz,Up to 3.35GHz,64.0,128.0,SP3,200W,
419,A8-6600K with Radeon HD 8570D,3.9GHz,Up to 4.2GHz,4.0,4.0,FM2,65W,
420,AMD EPYC 7662,2.0GHz,Up to 3.3GHz,64.0,128.0,SP3,225W,
421,A8-6500 with Radeon HD 8570D,3.5GHz,Up to 4.1GHz,4.0,4.0,FM2,65W,
422,AMD EPYC 7642,2.3GHz,Up to 3.3GHz,48.0,96.0,SP3,225W,
423,AMD EPYC 7552,2.2GHz,Up to 3.3GHz,48.0,96.0,SP3,200W,
424,A8-6500T with Radeon HD 8550D,2.1GHz,Up to 3.1GHz,4.0,4.0,FM2,45W,
425,AMD EPYC 7542,2.9GHz,Up to 3.4GHz,32.0,64.0,SP3,225W,
426,AMD EPYC 7532,2.4GHz,Up to 3.3GHz,32.0,64.0,SP3,200W,
427,AMD EPYC 7502,2.5GHz,Up to 3.35GHz,32.0,64.0,SP3,180W,
428,AMD EPYC 7502P,2.5GHz,Up to 3.35GHz,32.0,64.0,SP3,180W,
429,AMD EPYC 7452,2.35GHz,Up to 3.35GHz,32.0,64.0,SP3,155W,
430,AMD EPYC 7402,2.8GHz,Up to 3.35GHz,24.0,48.0,SP3,180W,
431,AMD EPYC 7402P,2.8GHz,Up to 3.35GHz,24.0,48.0,SP3,180W,
432,AMD EPYC 7352,2.3GHz,Up to 3.2GHz,24.0,48.0,SP3,155W,
433,A6-7470K with Radeon R5 Series,3.7GHz,Up to 4.0GHz,2.0,0.0,FM2+,65W,
434,A6-7400K with Radeon R5 Series,3.5GHz,Up to 3.9GHz,2.0,2.0,FM2+,65W,
435,AMD EPYC 7302,3.0GHz,Up to 3.3GHz,16.0,32.0,SP3,155W,
436,A6-6420K with Radeon HD 8470D,4.0GHz,Up to 4.2GHz,2.0,2.0,FM2,65W,
437,AMD EPYC 7302P,3.0GHz,Up to 3.3GHz,16.0,32.0,SP3,155W,
438,A6-6310 with Radeon R4 Graphics,1.8GHz,Up to 2.4GHz,4.0,4.0,FT3b,15/25W,
439,AMD EPYC 7282,2.8GHz,Up to 3.2GHz,16.0,32.0,SP3,120W,
440,A6-6400K with Radeon HD 8470D,3.9GHz,Up to 4.1GHz,2.0,2.0,FM2,65W,
441,AMD EPYC 7272,2.9GHz,Up to 3.2GHz,12.0,24.0,SP3,120W,
442,AMD EPYC 7262,3.2GHz,Up to 3.4GHz,8.0,16.0,SP3,155W,
443,AMD EPYC 7252,3.1GHz,Up to 3.2GHz,8.0,16.0,SP3,120W,
444,A6-5200 with Radeon HD 8400,2.0GHz,,4.0,4.0,FT3,25W,
445,AMD EPYC 7232P,3.1GHz,Up to 3.2GHz,8.0,16.0,SP3,120W,
446,AMD EPYC 7601,2.2GHz,Up to 3.2GHz,32.0,64.0,SP3,180W,
447,AMD EPYC 7551P,2.0GHz,Up to 3.0GHz,32.0,64.0,SP3,180W,
448,AMD EPYC 7551,2.0GHz,Up to 3.0GHz,32.0,64.0,SP3,180W,
449,AMD EPYC 7501,2.0GHz,Up to 3.0GHz,32.0,64.0,SP3,155/170W,
450,A4-7300 with Radeon HD 8470D,3.8GHz,Up to 4.0GHz,2.0,2.0,FM2,65W,
451,AMD EPYC 7451,2.3GHz,Up to 3.2GHz,24.0,48.0,SP3,180W,
452,AMD EPYC 7401P,2.0GHz,Up to 3.0GHz,24.0,48.0,SP3,155/170W,
453,A4-6320 with Radeon HD 8370D,3.8GHz,Up to 4.0GHz,2.0,2.0,FM2,65W,
454,AMD EPYC 7401,2.0GHz,Up to 3.0GHz,24.0,48.0,SP3,155/170W,
455,A4-6300 with Radeon HD 8370D,3.7GHz,Up to 3.9GHz,2.0,2.0,FM2,65W,
456,AMD EPYC 7371,3.1GHz,Up to 3.8GHz,16.0,32.0,SP3,200W,
457,AMD EPYC 7351P,2.4GHz,Up to 2.9GHz,16.0,32.0,SP3,155/170W,
458,AMD EPYC 7351,2.4GHz,Up to 2.9GHz,16.0,32.0,SP3,155/170W,
459,AMD EPYC 7301,2.2GHz,Up to 2.7GHz,16.0,32.0,SP3,155/170W,
460,A4-5100 with Radeon HD 8330,1.55GHz,,4.0,4.0,FT3,15W,
461,AMD EPYC 7281,2.1GHz,Up to 2.7GHz,16.0,32.0,SP3,155/170W,
462,A4-5000 with Radeon HD 8330,1.5GHz,,4.0,4.0,FT3,15W,
463,AMD EPYC 7261,2.5GHz,Up to 2.9GHz,8.0,16.0,SP3,155/170W,
464,AMD EPYC 7251,2.1GHz,Up to 2.9GHz,8.0,16.0,SP3,120W,
465,FX-9590,4.7GHz,Up to 5.0GHz,8.0,8.0,AM3+,220W,
466,FX-9370,4.4GHz,Up to 4.7GHz,8.0,8.0,AM3+,220W,
467,FX-8370 with Wraith cooler,4.0GHz,Up to 4.3GHz,8.0,8.0,AM3+,125W,
468,FX-8370E,3.3GHz,Up to 4.3GHz,8.0,8.0,AM3+,95W,
469,A10-7400P with Radeon R6 Graphics,2.5GHz,Up to 3.4GHz,4.0,4.0,FP3,35W,
470,FX-8370,4.0GHz,Up to 4.3GHz,8.0,8.0,AM3+,125W,
471,FX-8350 with Wraith cooler,4.0GHz,Up to 4.2GHz,8.0,8.0,AM3+,125W,
472,A10-7300 with Radeon R6 Graphics,1.9GHz,Up to 3.2GHz,4.0,4.0,FP3,20W,
473,A10 Micro-6700T with Radeon R6 Graphics,2.2GHz,,4.0,4.0,FT3b,4.5W,
474,FX-8350,4.0GHz,Up to 4.2GHz,8.0,8.0,AM3+,125W,
475,FX-8320E,3.2GHz,Up to 4.0GHz,8.0,8.0,AM3+,95W,
476,FX-8320,3.5GHz,Up to 4.0GHz,8.0,8.0,AM3+,125W,
477,FX-8310,3.4GHz,Up to 4.3GHz,8.0,8.0,AM3+,95W,
478,FX-8300,3.3GHz,Up to 4.2GHz,8.0,8.0,AM3+,95W,
479,FX-8150,3.6GHz,Up to 4.2GHz,8.0,8.0,AM3+,125W,
480,FX-8120,3.1GHz,Up to 4.0GHz,8.0,8.0,AM3+,125W,
481,A8-7410 with Radeon R5 Graphics,2.2GHz,Up to 2.5GHz,4.0,4.0,FP4,15W,
482,FX-6350 with Wraith cooler,3.9GHz,Up to 4.2GHz,6.0,6.0,AM3+,125W,
483,A8-7200P with Radeon R5 Graphics,2.4GHz,Up to 3.3GHz,4.0,4.0,FP3,100W,
484,A8-7100 with Radeon R5 Graphics,1.8GHz,Up to 3.0GHz,4.0,4.0,FP3,20W,
485,FX-6350,3.9GHz,Up to 4.2GHz,6.0,6.0,AM3+,125W,
486,FX-6300,3.5GHz,Up to 3.8GHz,6.0,6.0,AM3+,95W,
487,A8-6410 with Radeon R5 Graphics,2.0GHz,Up to 2.4GHz,4.0,4.0,FT3b,15W,
488,FX-6200,3.8GHz,Up to 4.1GHz,6.0,6.0,AM3+,125W,
489,FX 6100,3.3GHz,Up to 3.9GHz,6.0,6.0,AM3+,95W,
490,FX-4350,4.2GHz,Up to 4.3GHz,4.0,4.0,AM3+,125W,
491,FX-4320,4.0GHz,Up to 4.1GHz,4.0,4.0,AM3+,95W,
492,FX-4300,3.8GHz,Up to 4.0GHz,4.0,4.0,AM3+,95W,
493,FX-4170,4.2GHz,Up to 4.3GHz,4.0,4.0,AM3+,125W,
494,FX-4130,3.8GHz,Up to 3.9GHz,4.0,4.0,AM3,125W,
495,FX-4100,3.6GHz,Up to 3.8GHz,4.0,4.0,AM3+,95W,
496,1075T,3.5GHz,,6.0,6.0,AM3,95W,
497,1045T,2.7GHz,Up to 3.2GHz,0.0,0.0,AM3,95W,
498,980,3.7GHz,,4.0,4.0,AM3,125W,
499,A6-8500P with Radeon R5 Graphics,1.6GHz,Up to 3.0GHz,2.0,2.0,FP4,15W,
500,A6-7310 with Radeon R4 Graphics,2.0GHz,Up to 2.4GHz,4.0,4.0,FT3b,15W,
501,975,3.6GHz,,4.0,4.0,AM3,125W,
502,A6-7310 with Radeon R4 Graphics,2.0GHz,Up to 2.4GHz,4.0,4.0,FP4,15W,
503,965,3.4GHz,,4.0,4.0,AM3,80W,
504,A6-7000 with Radeon R4 Graphics,2.2GHz,Up to 3.0GHz,2.0,2.0,FT3,17W,
505,960T,3.0GHz,Up to 3.4GHz,4.0,4.0,AM3,95W,
506,A6-6310 with Radeon R4 Graphics,2.4GHz,,4.0,4.0,FT3b,15W,
507,850,3.3GHz,,4.0,4.0,AM3,95W,
508,840,3.2GHz,,4.0,4.0,AM3,95W,
509,A6-5350M with Radeon HD 8450G,2.9GHz,Up to 3.5GHz,2.0,2.0,FS1r2,35W,
510,570,4.0GHz,,2.0,2.0,AM3,80W,
511,A6-5200M with Radeon HD 8400,2.0GHz,,4.0,4.0,FT3,25W,
512,565,3.4GHz,,2.0,2.0,AM3,80W,
513,555,3.2GHz,,2.0,2.0,AM3,80W,
514,565,3.4GHz,,2.0,2.0,AM3,80W,
515,X940,2.4GHz,,4.0,4.0,S1,45W,
516,N970,2.2GHz,,4.0,4.0,S1,35W,
517,N960,1.8GHz,,4.0,4.0,S1,35W,
518,N870,2.3GHz,,3.0,3.0,AM2+,35W,
519,P860,2.0GHz,,3.0,3.0,AM2+,35W,
520,N660,3.0GHz,,2.0,2.0,S1,35W,
521,A4-7210 with Radeon R3 Graphics,1.8GHz,Up to 2.2GHz,4.0,4.0,FT3b,65W,
522,P650,2.6GHz,,2.0,2.0,S1,35W,
523,A4 Micro-6400T with Radeon R3 Graphics,1.6GHz,,4.0,4.0,FT3b,4.5W,
524,N640,2.8GHz,,2.0,2.0,S1,35W,
525,A4-6210 with Radeon R3 Graphics,1.8GHz,,4.0,4.0,FT3b,15W,
526,B99,3.3GHz,,4.0,4.0,AM3,95W,
527,B97,3.2GHz,,4.0,4.0,AM3,95W,
528,B95,3.0GHz,,0.0,0.0,AM3,95W,
529,A4-5100 with Radeon HD 8330,1.55GHz,,4.0,4.0,FT3,15W,
530,B77,3.2GHz,,3.0,3.0,AM3,95W,
531,A4-5000 with Radeon HD 8330,1.5GHz,,4.0,4.0,FT3,15W,
532,B75,3.0GHz,,3.0,3.0,AM3,95W,
533,B60,3.5GHz,,2.0,2.0,AM3,80W,
534,B59,3.4GHz,,2.0,2.0,AM3,80W,
535,B57,3.2GHz,,2.0,2.0,AM3,80W,
536,641,2.8GHz,,4.0,4.0,FM1 uPGA,100W,
537,638,2.7GHz,,4.0,4.0,FM1 uPGA,65W,
538,631,2.6GHz,,4.0,4.0,FM1 uPGA,100W,
539,631,2.6GHz,,4.0,4.0,FM1 uPGA,65W,
540,620e,2.7GHz,,4.0,4.0,AM3,45W,
541,460,3.4GHz,,3.0,3.0,AM3,95W,
542,425e,2.7GHz,,3.0,3.0,AM3,45W,
543,A10-8700P with Radeon R6 Graphics,1.8GHz,Up to 3.2GHz,4.0,4.0,FP4,,
544,255e,3.1GHz,,2.0,2.0,AM3,45W,
545,7th Gen AMD Athlon X4 970,3.8GHz,Up to 4.0GHz,4.0,4.0,AM4,65W,7/27/2017
546,A8-8600P with Radeon R6 Graphics,1.6GHz,Up to 3.0GHz,4.0,4.0,FP4,,
547,7th Gen AMD Athlon X4 950,3.5GHz,Up to 3.8GHz,4.0,4.0,AM4,,7/27/2017
548,A8-6410 with Radeon R5 Graphics,2.2GHz,Up to 2.5GHz,4.0,4.0,FT3b,,
549,7th Gen AMD Athlon X4 940,3.2GHz,Up to 3.6GHz,4.0,4.0,AM4,,7/27/2017
550,A6-8500P with Radeon R5 Graphics,1.6GHz,Up to 3.0GHz,2.0,2.0,FP4,,
551,A6-7310 with Radeon R4 Graphics,2.0GHz,Up to 2.4GHz,4.0,4.0,FP4,,
552,880K with Near Silent Thermal Solution,4.0GHz,Up to 4.2GHz,4.0,0.0,FM2+,95W,
553,A4-7210 with Radeon R3 Graphics,1.8GHz,Up to 2.2GHz,4.0,4.0,FP4,65W,
554,870K with Near Silent Thermal Solution,3.9GHz,Up to 4.1GHz,4.0,4.0,FM2+,95W,
555,A10-6800B with Radeon HD 8670D,4.1GHz,Up to 4.4GHz,4.0,4.0,FM2,45W,
556,860K,3.7GHz,Up to 4.0GHz,4.0,4.0,FM2+,95W,
557,A10-6790B with Radeon HD 8670D,4.0GHz,Up to 4.3GHz,4.0,4.0,FM2,45W,
558,860K with Near Silent Thermal Solution,3.7GHz,Up to 4.0GHz,4.0,4.0,FM2+,95W,
559,845 with Near Silent Thermal Solution,3.5GHz,Up to 3.8GHz,4.0,4.0,FM2+,,
560,A8-6500B with Radeon HD 8570D,3.5GHz,Up to 4.1GHz,4.0,4.0,FM2,65W,
561,760K,3.8GHz,Up to 4.1GHz,4.0,4.0,FM2,100W,
562,750,3.4GHz,Up to 4.0GHz,4.0,0.0,FM2,65W,
563,A6-6420B with Radeon HD 8470D,4.0GHz,Up to 4.2GHz,2.0,2.0,FM2,65W,
564,750K,3.4GHz,Up to 4.0GHz,4.0,4.0,FM2,100W,
565,740,3.2GHz,Up to 3.7GHz,4.0,4.0,FM2,65W,
566,A6-6400B with Radeon HD 8470D,3.9GHz,Up to 4.1GHz,2.0,2.0,FM2,65W,
567,2800+,56MHz,,0.0,0.0,939,45W,
568,X1150,2.0GHz,,4.0,4.0,FT3,17W,
569,6386 SE,2.8GHz,Up to 3.5GHz,16.0,16.0,G34,140W,
570,6380,2.5GHz,Up to 3.4GHz,16.0,16.0,G34,115W,
571,A10 PRO-7850B with Radeon R7 Graphics,3.7GHz,Up to 4.0GHz,4.0,4.0,FM2+,95W,
572,6378,2.4GHz,Up to 3.3GHz,16.0,16.0,G34,115W,
573,6376,2.3GHz,Up to 2.0GHz,16.0,16.0,G34,115W,
574,A10 PRO-7800B with Radeon R7 Graphics,3.5GHz,Up to 3.9GHz,4.0,4.0,FM2+,65W,
575,A8 PRO-7600B with Radeon R7 Graphics,3.1GHz,Up to 3.8GHz,4.0,4.0,FM2+,65W,
576,6370P,2.0GHz,Up to 2.5GHz,16.0,16.0,G34,99W,
577,A6 PRO-7400B with Radeon R5 Graphics,3.5GHz,Up to 3.9GHz,2.0,2.0,FM2+,65W,
578,6366 HE,1.8GHz,Up to 3.1GHz,16.0,16.0,G34,85W,
579,A4 PRO-7350B with Radeon R5 Graphics,3.4GHz,Up to 3.8GHz,2.0,2.0,FM2+,65W,
580,6348,2.8GHz,Up to 3.4GHz,12.0,12.0,G34,115W,
581,6344,2.6GHz,Up to 2.0GHz,12.0,12.0,G34,115W,
582,A4 PRO-7300B with Radeon HD 8470D,3.8GHz,Up to 4.0GHz,2.0,2.0,FM2,65W,
583,A10 PRO-7350B with Radeon R6 Graphics,2.1GHz,Up to 3.3GHz,4.0,4.0,FP3,19W,
584,6338P,2.3GHz,Up to 2.8GHz,12.0,12.0,G34,99W,
585,A8 PRO-7150B with Radeon R5 Graphics,1.9GHz,Up to 3.2GHz,4.0,4.0,FP3,100W,
586,6328,3.2GHz,Up to 3.8GHz,8.0,8.0,G34,115W,
587,6320,2.8GHz,Up to 3.3GHz,8.0,8.0,G34,115W,
588,A6 PRO-7050B with Radeon R4 Graphics,2.2GHz,Up to 3.0GHz,2.0,2.0,FP3,100W,
589,A4 PRO-3350B with Radeon R4 Graphics,2.0GHz,Up to 2.4GHz,4.0,4.0,FT3b,15W,Q2 2016
590,6308,3.5GHz,,4.0,4.0,G34,115W,
591,A4 PRO-3340B with Radeon HD 8240 Graphics,2.2GHz,,4.0,4.0,FT3,25W,
592,6284 SE,2.7GHz,Up to 3.4GHz,16.0,16.0,G34,140W,
593,6282 SE,2.6GHz,Up to 3.3GHz,16.0,16.0,G34,140W,
594,FX-7600P with Radeon R7 Graphics,2.7GHz,Up to 3.6GHz,4.0,4.0,FP3,35W,
595,AMD Athlon 3000G,3.5GHz,,2.0,4.0,AM4,35W,
596,6278,2.4GHz,Up to 3.3GHz,16.0,16.0,G34,115W,
597,FX-7500 with Radeon R7 Graphics,2.1GHz,Up to 3.3GHz,4.0,4.0,FP3,20W,
598,AMD Athlon 240GE,3.5GHz,,2.0,4.0,AM4,35W,
599,6276,2.3GHz,Up to 3.2GHz,16.0,16.0,G34,115W,
600,AMD Athlon 220GE,3.4GHz,,2.0,4.0,AM4,35W,
601,FX-8800P with Radeon R7 Graphics,2.1GHz,Up to 3.4GHz,4.0,4.0,FP4,,
602,AMD Athlon 200GE,3.2GHz,,2.0,4.0,AM4,35W,
603,6274,2.2GHz,Up to 3.1GHz,16.0,16.0,G34,115W,
604,Athlon 5370 APU with Radeon R3 Series,2.2GHz,,4.0,4.0,AM1,25W,
605,6272,2.1GHz,Up to 3.0GHz,16.0,16.0,G34,115W,
606,Athlon 5350 APU with Radeon R3 Series,2.05GHz,,4.0,4.0,AM1,25W,
607,AMD Athlon PRO 200U Mobile Processor with Radeon Vega 3 Graphics,2.3GHz,Up to 3.2GHz,2.0,4.0,FP5,15W,
608,6262 HE,1.6GHz,Up to 2.9GHz,16.0,16.0,G34,85W,
609,Athlon 5150 APU with Radeon R3 Series,1.6GHz,,4.0,4.0,AM1,25W,
610,AMD Athlon PRO 200GE,3.2GHz,,2.0,4.0,AM4,35W,
611,6238,2.6GHz,Up to 3.2GHz,12.0,12.0,G34,115W,
612,Sempron 3850 APU with Radeon R3 Series,1.3GHz,,4.0,4.0,AM1,25W,
613,6234,2.4GHz,Up to 3.0GHz,12.0,12.0,G34,115W,
614,Sempron 2650 APU with Radeon R3 Series,1.45GHz,,2.0,2.0,AM1,25W,
615,E2-7110 with Radeon R2 Graphics,1.8GHz,Up to 1.8GHz,4.0,4.0,FT3b,65W,
616,E2-7110 with Radeon R2 Graphics,1.8GHz,Up to 1.8GHz,4.0,4.0,FP4,65W,
617,6220,3.0GHz,Up to 3.6GHz,8.0,8.0,G34,115W,
618,E2-6110 with Radeon R2 Graphics,1.5GHz,,4.0,4.0,FT3b,15W,
619,6212,2.6GHz,Up to 3.2GHz,8.0,8.0,G34,115W,
620,E2-3800 with Radeon HD 8280,1.3GHz,,4.0,4.0,FT3,15W,
621,6204,3.3GHz,,4.0,4.0,G34,115W,
622,E2-3000 with Radeon HD 8280,1.65GHz,,2.0,2.0,FT3,15W,
623,6180 SE,2.5GHz,,12.0,12.0,G34,140W,
624,6176,2.3GHz,,12.0,12.0,G34,115W,
625,6166 HE,1.8GHz,,12.0,12.0,G34,85W,
626,6140,2.6GHz,,8.0,8.0,G34,115W,
627,6132 HE,2.2GHz,,8.0,8.0,G34,85W,
628,E2-7110 with Radeon R2 Graphics,1.8GHz,Up to 1.8GHz,4.0,4.0,FP4,65W,
629,4386,3.1GHz,Up to 3.8GHz,8.0,8.0,C32,95W,
630,4376 HE,2.6GHz,Up to 3.6GHz,8.0,8.0,C32,65W,
631,4365,2.0GHz,Up to 2.8GHz,8.0,8.0,C32,40W,
632,4340,3.5GHz,Up to 3.8GHz,6.0,6.0,C32,95W,
633,4334,3.1GHz,Up to 3.5GHz,6.0,6.0,C32,95W,
634,E1-7010 with Radeon R2 Graphics,1.5GHz,Up to 1.5GHz,2.0,2.0,FP4,10W,
635,4332 HE,3.0GHz,Up to 3.7GHz,6.0,6.0,C32,65W,
636,E1 Micro-6200T with Radeon R2 Graphics,1.4GHz,,2.0,2.0,FT3b,3.95W,
637,4310 EE,2.2GHz,Up to 3.0GHz,6.0,6.0,C32,35W,
638,4284,3.0GHz,Up to 3.7GHz,8.0,8.0,C32,95W,
639,4280,2.8GHz,Up to 2.2GHz,8.0,8.0,C32,95W,
640,E1-6010 with Radeon R2 Graphics,1.35GHz,,2.0,2.0,FT3b,10W,
641,4276 HE,2.6GHz,Up to 3.6GHz,8.0,8.0,C32,65W,
642,E1-2500 with Radeon HD 8240,1.4GHz,,2.0,2.0,FT3,15W,
643,4274 HE,2.5GHz,Up to 3.5GHz,8.0,8.0,C32,65W,
644,E1-2200 with Radeon HD 8210,1.0GHz,,2.0,2.0,FT3,9W,
645,E1-2100 with Radeon HD 8210,1.0GHz,,2.0,2.0,FT3,9W,
646,4256 EE,1.6GHz,Up to 2.8GHz,8.0,8.0,C32,35W,
647,4240,3.4GHz,Up to 3.8GHz,6.0,6.0,C32,95W,
648,4238,3.3GHz,Up to 3.7GHz,6.0,6.0,C32,95W,
649,4234,3.1GHz,Up to 3.5GHz,6.0,6.0,C32,95W,
650,E1-7010 with Radeon R2 Graphics,1.5GHz,Up to 1.5GHz,2.0,2.0,FP4,,
651,4230 HE,2.9GHz,Up to 3.7GHz,6.0,6.0,C32,65W,
652,4228 HE,2.8GHz,Up to 3.6GHz,6.0,6.0,C32,65W,
653,4226,2.7GHz,Up to 3.1GHz,6.0,6.0,C32,95W,
654,3380,2.6GHz,Up to 3.6GHz,8.0,8.0,AM3+,65W,
655,3365,2.3GHz,Up to 3.3GHz,8.0,8.0,AM3+,65W,
656,3350 HE,2.8GHz,Up to 3.8GHz,4.0,4.0,AM3+,45W,
657,3320 EE,1.9GHz,Up to 2.5GHz,4.0,4.0,AM3+,25W,
658,3280,2.4GHz,Up to 3.4GHz,8.0,8.0,AM3+,65W,
659,3260 HE,2.7GHz,Up to 3.7GHz,4.0,4.0,AM3+,45W,
660,AMD Opteron X2170,2.4GHz,,4.0,4.0,FT3,25W,
661,3250 HE,2.5GHz,Up to 3.5GHz,0.0,0.0,AM3+,45W,
662,AMD Opteron X2150 APU,1.9GHz,,4.0,4.0,FT3,22W,
663,TL-64,2.2GHz,,2.0,2.0,S1,35W,
664,TL-60,2.0GHz,,2.0,2.0,S1,31W,
665,TL-56,1.8GHz,,0.0,0.0,S1,31W,
666,TL-52,1.6GHz,,2.0,2.0,S1,31W,
